<?xml version="1.0" encoding="UTF-8"?>
<beans xmlns="http://www.springframework.org/schema/beans"
       xmlns:xsi="http://www.w3.org/2001/XMLSchema-instance"
       xmlns:context="http://www.springframework.org/schema/context"
       xmlns:mvc="http://www.springframework.org/schema/mvc"
       xsi:schemaLocation="
http://www.springframework.org/schema/beans
http://www.springframework.org/schema/beans/spring-beans.xsd
http://www.springframework.org/schema/context
http://www.springframework.org/schema/context/spring-context.xsd
http://www.springframework.org/schema/mvc
http://www.springframework.org/schema/mvc/spring-mvc-3.0.xsd">
    <!--扫描web层的@Controller-->
    <context:component-scan base-package="com.demo.*.web"/>


    <!-- 内部资源视图解析程序 将@Controllers的返回值 或 view-controller解析为/WEB-INF/views目录中的.jsp视图资源 -->
    <bean class="org.springframework.web.servlet.view.InternalResourceViewResolver">
        <property name="prefix" value="/WEB-INF/views/" />
        <property name="suffix" value=".jsp" />
    </bean> <!--  /WEB-INF/views/index.jsp  -->


    <!--  enable-matrix-variables="true" 启动矩阵变量解析  -->
    <mvc:annotation-driven enable-matrix-variables="true">
        <mvc:message-converters>
            <!--  配置 Jackson2 消息转换器  -->
            <bean class="org.springframework.http.converter.json.MappingJackson2HttpMessageConverter"></bean>
            <!--  全局设置-响应字符编码  UTF-8-->
            <bean class="org.springframework.http.converter.StringHttpMessageConverter">
                <constructor-arg value="UTF-8"/>
            </bean>
            <!--  配置 Jackson2 消息转换器  -->
            <bean class="org.springframework.http.converter.FormHttpMessageConverter"></bean>
        </mvc:message-converters>
    </mvc:annotation-driven>

<!-- <mvc:view-controller path="/" view-name="index"/>-->

</beans>